{"cameraMode":{"drawMode":0,"name":"Shaded","section":"Shading Mode"},"sceneLighting":false,"audioPlay":false,"sceneViewState":{"showFog":true,"showMaterialUpdate":true,"showSkybox":true,"showFlares":true,"showImageEffects":true,"showParticleSystems":true},"in2DMode":false,"pivot":{"x":1.6984939575195313,"y":22.26202964782715,"z":-367.2018127441406},"rotation":{"x":-0.06886085122823715,"y":-0.927761435508728,"z":0.2971142530441284,"w":-0.21550562977790833},"size":55.602874755859378,"orthographic":false}