{"cameraMode":{"drawMode":0,"name":"Shaded","section":"Shading Mode"},"sceneLighting":false,"audioPlay":false,"sceneViewState":{"showFog":true,"showMaterialUpdate":true,"showSkybox":true,"showFlares":true,"showImageEffects":true,"showParticleSystems":true},"in2DMode":false,"pivot":{"x":-0.12047195434570313,"y":-0.4885227084159851,"z":-367.60504150390627},"rotation":{"x":-0.4878298342227936,"y":0.4995257258415222,"z":-0.4206525981426239,"w":-0.5792908668518066},"size":71.19678497314453,"orthographic":true}